Codon,Freq,Count
TTT,17.22,1345484
TTC,17.51,1367806
TTA,8.82,689145
TTG,13.47,1052279
CTT,14.17,1106851
CTC,17.81,1391429
CTA,7.48,584767
CTG,36.01,2813643
ATT,16.58,1295762
ATC,18.68,1459807
ATA,8.16,637556
ATG,21.48,1677888
GTT,11.8,922234
GTC,13.44,1050009
GTA,7.71,602084
GTG,25.75,2011761
TCT,16.96,1325110
TCC,17.29,1350473
TCA,14.19,1108355
TCG,4.05,316763
CCT,19.15,1496300
CCC,18.86,1473428
CCA,18.79,1467896
CCG,6.15,480590
ACT,14.3,1117630
ACC,17.77,1388473
ACA,16.57,1294206
ACG,5.59,436790
GCT,18.89,1475932
GCC,25.64,2003500
GCA,17.09,1335414
GCG,5.94,464292
TAT,12.15,949353
TAC,13.47,1052006
TAA,0.44,34502
TAG,0.35,27354
CAT,11.9,929989
CAC,14.62,1142446
CAA,14.17,1106752
CAG,35.28,2756517
AAT,18.52,1446611
AAC,18.27,1427415
AAA,27.77,2169279
AAG,31.79,2483951
GAT,24.09,1882177
GAC,24.25,1894516
GAA,33.85,2644966
GAG,39.4,3078049
TGT,10.47,818211
TGC,10.83,846046
TGA,0.8,62824
TGG,11.66,910905
CGT,4.56,356134
CGC,8.71,680327
CGA,6.42,501278
CGG,10.62,829391
AGT,14.06,1098600
AGC,19.66,1536075
AGA,13.4,1046642
AGG,12.17,951166
GGT,10.82,845041
GGC,19.73,1541147
GGA,17.19,1343257
GGG,15.26,1192278